birth_month,mother_age,mother_nativity,residence_status,mother_race1,mother_hispanic_race,paternity_acknowledged,marital_status,mother_education,father_age,prior_births_now_living,total_birth_order,interval_since_last_live_birth,month_prenatal_care_began,number_of_prenatal_visits,wic,cigarettes_3rd_trimester,mother_height_in_total_inches,bmi,prepregnancy_weight,weight_gain_group,gestational_diabetes,prepregnancy_hypertension,gestational_hypertension,previous_preterm_birth,infertility_treatment_used,fertility_enhancing_drugs,previous_cesarean,number_of_previous_cesareans,no_risk_factors_reported,chlamydia,attendant_at_birth,pluarality,sex_of_infant,last_normal_menses_month,infant_breastfed_at_discharge
5.558272949449042,26.637662393345625,1.783947176606783,2.6457145307207477,18.461321442353043,4.7827209192642455,2.075556317797882,1.1725935771555975,4.025837156455001,40.765038802898424,7.551850105046521,5.009861510097329,5.362646314796553,3.5175835012648458,7.526424559447755,1.40188654975775,5.811447926939073,19.41240835227029,3.606860180937272,147.8123997770441,2.948068430304849,1.0820992153668052,1.9426403121382327,1.8158470179650987,1.9257299661278566,1.9755177292801098,2.959121896840029,1.151927282082065,6.327299232517258,1.6562620589118038,1.974257171032886,1.560922694336063,2.966993954465549,0.5103974617330532,6.281447498177765,1.5852591862110363
