birth_month,mother_age,mother_nativity,residence_status,mother_race1,mother_hispanic_race,paternity_acknowledged,marital_status,mother_education,father_age,prior_births_now_living,total_birth_order,interval_since_last_live_birth,month_prenatal_care_began,number_of_prenatal_visits,wic,cigarettes_3rd_trimester,mother_height_in_total_inches,bmi,prepregnancy_weight,weight_gain_group,gestational_diabetes,prepregnancy_hypertension,gestational_hypertension,previous_preterm_birth,infertility_treatment_used,fertility_enhancing_drugs,previous_cesarean,number_of_previous_cesareans,no_risk_factors_reported,chlamydia,attendant_at_birth,pluarality,sex_of_infant,last_normal_menses_month,infant_breastfed_at_discharge
5.634858294387515,29.405042232988894,0.216052823393217,0.35428546927925225,27.270977147022254,1.97287655961926,2.0608326544612616,1.241418342408781,3.5251125498435023,32.96189199086983,10.164181280281268,1.5802255284483129,6.645448698709428,0.37483171118638253,6.776581057325387,0.5981134502422502,2.097174462976461,63.90157098580994,3.1877545770269693,161.78649441277759,2.334279466620932,0.16782575140419329,0.05735968786176735,0.18415298203490116,0.07427003387214338,0.045337220769197786,1.9788191913561721,0.3074818848347125,4.2194571881833385,0.6598893795823865,0.04024353642327316,1.3904643484971917,1.0328002401063328,0.5103974617330532,5.688444882733782,1.5852591862110363
