birth_month,mother_age,mother_nativity,residence_status,mother_race1,mother_hispanic_race,paternity_acknowledged,marital_status,mother_education,father_age,prior_births_now_living,total_birth_order,interval_since_last_live_birth,month_prenatal_care_began,number_of_prenatal_visits,wic,cigarettes_3rd_trimester,mother_height_in_total_inches,bmi,prepregnancy_weight,weight_gain_group,gestational_diabetes,prepregnancy_hypertension,gestational_hypertension,previous_preterm_birth,infertility_treatment_used,fertility_enhancing_drugs,previous_cesarean,number_of_previous_cesareans,no_risk_factors_reported,chlamydia,attendant_at_birth,pluarality,sex_of_infant,last_normal_menses_month,infant_breastfed_at_discharge
5.634858294387515,29.405042232988894,0.216052823393217,0.35428546927925225,27.364507138875787,1.97287655961926,2.157869913818977,0.3562749217510612,3.5251125498435023,32.00673293589351,10.989726879046435,1.5802255284483129,6.645448698709428,0.37483171118638253,6.776581057325387,0.5981134502422502,2.097174462976461,64.10853812517965,3.1877545770269693,162.03510683859443,2.334279466620932,1.0820992153668052,1.0268661835955923,1.0902628306821593,1.0353213566007804,1.0208549500493076,1.9788191913561721,1.151927282082065,4.2194571881833385,1.6562620589118038,0.04024353642327316,1.3904643484971917,2.0301762208978262,0.5103974617330532,5.688444882733782,1.5852591862110363
