birth_month,mother_age,mother_nativity,residence_status,mother_race1,mother_hispanic_race,paternity_acknowledged,marital_status,mother_education,father_age,prior_births_now_living,total_birth_order,interval_since_last_live_birth,month_prenatal_care_began,number_of_prenatal_visits,wic,cigarettes_3rd_trimester,mother_height_in_total_inches,bmi,prepregnancy_weight,weight_gain_group,gestational_diabetes,prepregnancy_hypertension,gestational_hypertension,previous_preterm_birth,infertility_treatment_used,fertility_enhancing_drugs,previous_cesarean,number_of_previous_cesareans,no_risk_factors_reported,chlamydia,attendant_at_birth,pluarality,sex_of_infant,last_normal_menses_month,infant_breastfed_at_discharge
5.5167259786476865,25.734896882905286,1.783947176606783,2.621240835227029,16.349877803027056,5.054444110963427,2.075556317797882,1.1725935771555975,4.695450842515972,39.36430990867384,13.24065514727951,6.368477468593234,7.4037730995155,3.5175835012648458,7.537383698495048,1.6848775886464005,5.862376195172148,18.43396647086567,4.591622004030357,196.78645971787506,3.1229858937529476,1.914273463962612,1.9426403121382327,1.8158470179650987,1.9257299661278566,1.9546627792308022,2.947776872615015,1.8444453972473525,8.763984050079321,1.6562620589118038,1.974257171032886,1.4837456587917506,2.966993954465549,0.4896025382669468,6.265789135188441,1.5852591862110363
